user_id,country
user_id_1,United States
user_id_2,United States
user_id_3,Canada
user_id_4,Canada
user_id_5,United States
user_id_6,Canada
user_id_7,Canada
user_id_8,United States
user_id_9,Canada
user_id_10,United Kingdom
user_id_11,United States
user_id_12,Canada
user_id_13,United States
user_id_14,United Kingdom
user_id_15,United Kingdom
user_id_16,United Kingdom
user_id_17,Canada
user_id_18,United Kingdom
user_id_19,United States
user_id_20,Canada
user_id_21,United States
user_id_22,United Kingdom
user_id_23,United Kingdom
user_id_24,United Kingdom
user_id_25,United Kingdom
user_id_26,United Kingdom
user_id_27,United Kingdom
user_id_28,United Kingdom
user_id_29,United States
user_id_30,Canada
user_id_31,Canada
user_id_32,United States
user_id_33,United Kingdom
user_id_34,United Kingdom
user_id_35,United Kingdom
user_id_36,Canada
user_id_37,United States
user_id_38,United Kingdom
user_id_39,Canada
user_id_40,United Kingdom
user_id_41,United States
user_id_42,United States
user_id_43,Canada
user_id_44,United Kingdom
user_id_45,United Kingdom
user_id_46,United Kingdom
user_id_47,United States
user_id_48,United States
user_id_49,Canada
user_id_50,Canada
user_id_51,United States
user_id_52,United Kingdom
user_id_53,United States
user_id_54,Canada
user_id_55,United Kingdom
user_id_56,United States
user_id_57,United Kingdom
user_id_58,United States
user_id_59,Canada
user_id_60,Canada
user_id_61,United States
user_id_62,Canada
user_id_63,United States
user_id_64,United States
user_id_65,United States
user_id_66,United States
user_id_67,United Kingdom
user_id_68,United Kingdom
user_id_69,United Kingdom
user_id_70,Canada
user_id_71,United States
user_id_72,Canada
user_id_73,United Kingdom
user_id_74,United Kingdom
user_id_75,United States
user_id_76,United Kingdom
user_id_77,United Kingdom
user_id_78,United States
user_id_79,Canada
user_id_80,United States
user_id_81,Canada
user_id_82,Canada
user_id_83,United Kingdom
user_id_84,United States
user_id_85,United Kingdom
user_id_86,United States
user_id_87,Canada
user_id_88,United States
user_id_89,United Kingdom
user_id_90,United States
user_id_91,United Kingdom
user_id_92,Canada
user_id_93,Canada
user_id_94,United Kingdom
user_id_95,United States
user_id_96,United States
user_id_97,Canada
user_id_98,United States
user_id_99,United States
user_id_100,United Kingdom
user_id_101,United Kingdom
user_id_102,Canada
user_id_103,United States
user_id_104,Canada
user_id_105,United States
user_id_106,United States
user_id_107,United Kingdom
user_id_108,United States
user_id_109,United Kingdom
user_id_110,United Kingdom
user_id_111,Canada
user_id_112,United Kingdom
user_id_113,United States
user_id_114,Canada
user_id_115,United Kingdom
user_id_116,United States
user_id_117,Canada
user_id_118,United States
user_id_119,United Kingdom
user_id_120,United States
user_id_121,United States
user_id_122,Canada
user_id_123,United Kingdom
user_id_124,Canada
user_id_125,United States
user_id_126,United States
user_id_127,United States
user_id_128,United States
user_id_129,United States
user_id_130,United Kingdom
user_id_131,Canada
user_id_132,United States
user_id_133,United Kingdom
user_id_134,United Kingdom
user_id_135,United States
user_id_136,United Kingdom
user_id_137,United States
user_id_138,United States
user_id_139,United Kingdom
user_id_140,United States
user_id_141,Canada
user_id_142,United States
user_id_143,United Kingdom
user_id_144,United States
user_id_145,United States
user_id_146,Canada
user_id_147,United States
user_id_148,Canada
user_id_149,United States
user_id_150,United Kingdom
user_id_151,Canada
user_id_152,Canada
user_id_153,United States
user_id_154,United States
user_id_155,United States
user_id_156,United Kingdom
user_id_157,Canada
user_id_158,Canada
user_id_159,Canada
user_id_160,United Kingdom
user_id_161,Canada
user_id_162,United States
user_id_163,United States
user_id_164,United States
user_id_165,United Kingdom
user_id_166,United States
user_id_167,United States
user_id_168,United Kingdom
user_id_169,United States
user_id_170,United Kingdom
user_id_171,Canada
user_id_172,United States
user_id_173,United Kingdom
user_id_174,United States
user_id_175,United Kingdom
user_id_176,Canada
user_id_177,Canada
user_id_178,Canada
user_id_179,Canada
user_id_180,Canada
user_id_181,United Kingdom
user_id_182,United Kingdom
user_id_183,United States
user_id_184,United States
user_id_185,United Kingdom
user_id_186,Canada
user_id_187,United States
user_id_188,United States
user_id_189,United States
user_id_190,United Kingdom
user_id_191,United Kingdom
user_id_192,United Kingdom
user_id_193,United States
user_id_194,United Kingdom
user_id_195,Canada
user_id_196,Canada
user_id_197,United Kingdom
user_id_198,United Kingdom
user_id_199,United Kingdom
user_id_200,United Kingdom
user_id_201,United States
user_id_202,United Kingdom
user_id_203,United Kingdom
user_id_204,Canada
user_id_205,United Kingdom
user_id_206,Canada
user_id_207,Canada
user_id_208,United Kingdom
user_id_209,United Kingdom
user_id_210,United States
user_id_211,Canada
user_id_212,United Kingdom
user_id_213,United States
user_id_214,United Kingdom
user_id_215,United States
user_id_216,Canada
user_id_217,United Kingdom
user_id_218,United Kingdom
user_id_219,United Kingdom
user_id_220,United Kingdom
user_id_221,United States
user_id_222,United Kingdom
user_id_223,Canada
user_id_224,Canada
user_id_225,Canada
user_id_226,United Kingdom
user_id_227,United Kingdom
user_id_228,United Kingdom
user_id_229,Canada
user_id_230,United States
user_id_231,Canada
user_id_232,United Kingdom
user_id_233,United States
user_id_234,United Kingdom
user_id_235,Canada
user_id_236,Canada
user_id_237,Canada
user_id_238,United Kingdom
user_id_239,Canada
user_id_240,United Kingdom
user_id_241,United States
user_id_242,Canada
user_id_243,United Kingdom
user_id_244,United Kingdom
user_id_245,United Kingdom
user_id_246,United Kingdom
user_id_247,United Kingdom
user_id_248,United States
user_id_249,United Kingdom
user_id_250,Canada
user_id_251,United Kingdom
user_id_252,Canada
user_id_253,United Kingdom
user_id_254,United States
user_id_255,Canada
user_id_256,United States
user_id_257,Canada
user_id_258,United States
user_id_259,Canada
user_id_260,Canada
user_id_261,Canada
user_id_262,United States
user_id_263,United Kingdom
user_id_264,United Kingdom
user_id_265,United Kingdom
user_id_266,Canada
user_id_267,United Kingdom
user_id_268,United Kingdom
user_id_269,United Kingdom
user_id_270,United Kingdom
user_id_271,United Kingdom
user_id_272,Canada
user_id_273,United Kingdom
user_id_274,United States
user_id_275,Canada
user_id_276,Canada
user_id_277,United Kingdom
user_id_278,Canada
user_id_279,Canada
user_id_280,United States
user_id_281,United States
user_id_282,United Kingdom
user_id_283,United Kingdom
user_id_284,Canada
user_id_285,United Kingdom
user_id_286,Canada
user_id_287,United States
user_id_288,United Kingdom
user_id_289,Canada
user_id_290,United States
user_id_291,Canada
user_id_292,United States
user_id_293,United States
user_id_294,United Kingdom
user_id_295,United States
user_id_296,United States
user_id_297,United Kingdom
user_id_298,Canada
user_id_299,United Kingdom
user_id_300,United Kingdom
user_id_301,United Kingdom
user_id_302,United Kingdom
user_id_303,United States
user_id_304,Canada
user_id_305,United States
user_id_306,United States
user_id_307,Canada
user_id_308,United States
user_id_309,United Kingdom
user_id_310,United Kingdom
user_id_311,United States
user_id_312,United States
user_id_313,United Kingdom
user_id_314,Canada
user_id_315,United Kingdom
user_id_316,United Kingdom
user_id_317,United States
user_id_318,Canada
user_id_319,Canada
user_id_320,United States
user_id_321,Canada
user_id_322,Canada
user_id_323,United States
user_id_324,United Kingdom
user_id_325,United States
user_id_326,United Kingdom
user_id_327,Canada
user_id_328,United States
user_id_329,Canada
user_id_330,United States
user_id_331,United Kingdom
user_id_332,United States
user_id_333,United Kingdom
user_id_334,Canada
user_id_335,Canada
user_id_336,United States
user_id_337,United States
user_id_338,Canada
user_id_339,Canada
user_id_340,United Kingdom
user_id_341,United States
user_id_342,United Kingdom
user_id_343,United Kingdom
user_id_344,United States
user_id_345,United States
user_id_346,United States
user_id_347,Canada
user_id_348,United States
user_id_349,United States
user_id_350,Canada
user_id_351,United Kingdom
user_id_352,United Kingdom
user_id_353,United States
user_id_354,Canada
user_id_355,United Kingdom
user_id_356,Canada
user_id_357,United States
user_id_358,United States
user_id_359,United Kingdom
user_id_360,Canada
user_id_361,Canada
user_id_362,Canada
user_id_363,United States
user_id_364,United Kingdom
user_id_365,United Kingdom
user_id_366,United States
user_id_367,United States
user_id_368,United Kingdom
user_id_369,Canada
user_id_370,United Kingdom
user_id_371,Canada
user_id_372,United States
user_id_373,United States
user_id_374,United States
user_id_375,Canada
user_id_376,United States
user_id_377,Canada
user_id_378,United States
user_id_379,United Kingdom
user_id_380,United States
user_id_381,United States
user_id_382,United States
user_id_383,Canada
user_id_384,United States
user_id_385,United States
user_id_386,United States
user_id_387,United States
user_id_388,United Kingdom
user_id_389,United States
user_id_390,United Kingdom
user_id_391,United States
user_id_392,United Kingdom
user_id_393,United States
user_id_394,United Kingdom
user_id_395,United States
user_id_396,Canada
user_id_397,Canada
user_id_398,Canada
user_id_399,United States
user_id_400,United States
user_id_401,United States
user_id_402,United States
user_id_403,United Kingdom
user_id_404,United States
user_id_405,Canada
user_id_406,United States
user_id_407,United Kingdom
user_id_408,United States
user_id_409,United Kingdom
user_id_410,United Kingdom
user_id_411,United States
user_id_412,United States
user_id_413,United States
user_id_414,United States
user_id_415,United Kingdom
user_id_416,United Kingdom
user_id_417,United Kingdom
user_id_418,United Kingdom
user_id_419,Canada
user_id_420,Canada
user_id_421,Canada
user_id_422,United States
user_id_423,Canada
user_id_424,United Kingdom
user_id_425,United States
user_id_426,United States
user_id_427,United Kingdom
user_id_428,Canada
user_id_429,Canada
user_id_430,United States
user_id_431,United States
user_id_432,Canada
user_id_433,Canada
user_id_434,Canada
user_id_435,United Kingdom
user_id_436,Canada
user_id_437,United States
user_id_438,United Kingdom
user_id_439,United Kingdom
user_id_440,United Kingdom
user_id_441,United States
user_id_442,United Kingdom
user_id_443,Canada
user_id_444,Canada
user_id_445,Canada
user_id_446,United Kingdom
user_id_447,United Kingdom
user_id_448,Canada
user_id_449,United States
user_id_450,Canada
user_id_451,United Kingdom
user_id_452,Canada
user_id_453,Canada
user_id_454,United States
user_id_455,United Kingdom
user_id_456,United States
user_id_457,United States
user_id_458,United States
user_id_459,United Kingdom
user_id_460,United Kingdom
user_id_461,United States
user_id_462,United States
user_id_463,Canada
user_id_464,United Kingdom
user_id_465,United Kingdom
user_id_466,United Kingdom
user_id_467,United Kingdom
user_id_468,United Kingdom
user_id_469,United Kingdom
user_id_470,United States
user_id_471,United Kingdom
user_id_472,Canada
user_id_473,United Kingdom
user_id_474,Canada
user_id_475,Canada
user_id_476,United Kingdom
user_id_477,United States
user_id_478,Canada
user_id_479,United States
user_id_480,United Kingdom
user_id_481,United Kingdom
user_id_482,United Kingdom
user_id_483,United Kingdom
user_id_484,United Kingdom
user_id_485,United Kingdom
user_id_486,United Kingdom
user_id_487,United Kingdom
user_id_488,United States
user_id_489,United Kingdom
user_id_490,United Kingdom
user_id_491,United States
user_id_492,Canada
user_id_493,United Kingdom
user_id_494,United States
user_id_495,United States
user_id_496,United States
user_id_497,United Kingdom
user_id_498,Canada
user_id_499,United States
user_id_500,United Kingdom
user_id_501,United States
user_id_502,Canada
user_id_503,United States
user_id_504,United States
user_id_505,Canada
user_id_506,United Kingdom
user_id_507,Canada
user_id_508,United States
user_id_509,United States
user_id_510,Canada
user_id_511,United Kingdom
user_id_512,United Kingdom
user_id_513,United Kingdom
user_id_514,Canada
user_id_515,Canada
user_id_516,United States
user_id_517,United Kingdom
user_id_518,United States
user_id_519,United Kingdom
user_id_520,Canada
user_id_521,United States
user_id_522,United Kingdom
user_id_523,United Kingdom
user_id_524,United States
user_id_525,United Kingdom
user_id_526,United States
user_id_527,Canada
user_id_528,United Kingdom
user_id_529,United Kingdom
user_id_530,United Kingdom
user_id_531,Canada
user_id_532,Canada
user_id_533,United States
user_id_534,United Kingdom
user_id_535,United Kingdom
user_id_536,United States
user_id_537,Canada
user_id_538,Canada
user_id_539,United Kingdom
user_id_540,United States
user_id_541,United States
user_id_542,United Kingdom
user_id_543,United Kingdom
user_id_544,United States
user_id_545,Canada
user_id_546,Canada
user_id_547,United Kingdom
user_id_548,Canada
user_id_549,United Kingdom
user_id_550,United Kingdom
user_id_551,United Kingdom
user_id_552,Canada
user_id_553,United States
user_id_554,United Kingdom
user_id_555,Canada
user_id_556,United Kingdom
user_id_557,United States
user_id_558,United States
user_id_559,United Kingdom
user_id_560,Canada
user_id_561,United States
user_id_562,United States
user_id_563,Canada
user_id_564,United States
user_id_565,United Kingdom
user_id_566,United Kingdom
user_id_567,Canada
user_id_568,United Kingdom
user_id_569,United Kingdom
user_id_570,Canada
user_id_571,United Kingdom
user_id_572,Canada
user_id_573,Canada
user_id_574,Canada
user_id_575,United Kingdom
user_id_576,United Kingdom
user_id_577,Canada
user_id_578,United Kingdom
user_id_579,United States
user_id_580,United States
user_id_581,Canada
user_id_582,Canada
user_id_583,Canada
user_id_584,Canada
user_id_585,United States
user_id_586,United Kingdom
user_id_587,Canada
user_id_588,Canada
user_id_589,United States
user_id_590,United States
user_id_591,United Kingdom
user_id_592,Canada
user_id_593,Canada
user_id_594,Canada
user_id_595,United Kingdom
user_id_596,United States
user_id_597,Canada
user_id_598,Canada
user_id_599,United Kingdom
user_id_600,United Kingdom
user_id_601,Canada
user_id_602,United States
user_id_603,United Kingdom
user_id_604,United States
user_id_605,United Kingdom
user_id_606,United Kingdom
user_id_607,Canada
user_id_608,Canada
user_id_609,United States
user_id_610,United Kingdom
user_id_611,United States
user_id_612,Canada
user_id_613,United States
user_id_614,Canada
user_id_615,United States
user_id_616,Canada
user_id_617,United States
user_id_618,United States
user_id_619,United States
user_id_620,United States
user_id_621,United Kingdom
user_id_622,United Kingdom
user_id_623,Canada
user_id_624,United Kingdom
user_id_625,Canada
user_id_626,United States
user_id_627,Canada
user_id_628,Canada
user_id_629,United States
user_id_630,United States
user_id_631,Canada
user_id_632,Canada
user_id_633,Canada
user_id_634,United States
user_id_635,United States
user_id_636,Canada
user_id_637,United States
user_id_638,United Kingdom
user_id_639,United States
user_id_640,United States
user_id_641,Canada
user_id_642,Canada
user_id_643,United Kingdom
user_id_644,Canada
user_id_645,Canada
user_id_646,Canada
user_id_647,United States
user_id_648,Canada
user_id_649,Canada
user_id_650,United States
user_id_651,United States
user_id_652,Canada
user_id_653,United States
user_id_654,United Kingdom
user_id_655,Canada
user_id_656,United States
user_id_657,United Kingdom
user_id_658,United Kingdom
user_id_659,United Kingdom
user_id_660,United States
user_id_661,Canada
user_id_662,United States
user_id_663,Canada
user_id_664,United States
user_id_665,Canada
user_id_666,Canada
user_id_667,United States
user_id_668,Canada
user_id_669,United States
user_id_670,Canada
user_id_671,United States
user_id_672,United Kingdom
user_id_673,Canada
user_id_674,United Kingdom
user_id_675,United States
user_id_676,United States
user_id_677,United States
user_id_678,United States
user_id_679,Canada
user_id_680,Canada
user_id_681,Canada
user_id_682,Canada
user_id_683,Canada
user_id_684,United Kingdom
user_id_685,United Kingdom
user_id_686,Canada
user_id_687,Canada
user_id_688,United Kingdom
user_id_689,United States
user_id_690,Canada
user_id_691,United Kingdom
user_id_692,United States
user_id_693,United Kingdom
user_id_694,United Kingdom
user_id_695,Canada
user_id_696,Canada
user_id_697,United Kingdom
user_id_698,United States
user_id_699,United Kingdom
user_id_700,Canada
user_id_701,United Kingdom
user_id_702,United States
user_id_703,United Kingdom
user_id_704,Canada
user_id_705,Canada
user_id_706,United Kingdom
user_id_707,Canada
user_id_708,United Kingdom
user_id_709,United States
user_id_710,Canada
user_id_711,United States
user_id_712,Canada
user_id_713,United States
user_id_714,United States
user_id_715,United States
user_id_716,United Kingdom
user_id_717,United Kingdom
user_id_718,Canada
user_id_719,United Kingdom
user_id_720,Canada
user_id_721,United States
user_id_722,United Kingdom
user_id_723,United Kingdom
user_id_724,Canada
user_id_725,United States
user_id_726,United Kingdom
user_id_727,United Kingdom
user_id_728,United Kingdom
user_id_729,United Kingdom
user_id_730,United States
user_id_731,Canada
user_id_732,Canada
user_id_733,United States
user_id_734,United States
user_id_735,United States
user_id_736,Canada
user_id_737,United Kingdom
user_id_738,Canada
user_id_739,Canada
user_id_740,United Kingdom
user_id_741,United Kingdom
user_id_742,United Kingdom
user_id_743,United Kingdom
user_id_744,Canada
user_id_745,United Kingdom
user_id_746,United Kingdom
user_id_747,Canada
user_id_748,United States
user_id_749,Canada
user_id_750,Canada
user_id_751,United States
user_id_752,Canada
user_id_753,Canada
user_id_754,United States
user_id_755,Canada
user_id_756,United Kingdom
user_id_757,Canada
user_id_758,Canada
user_id_759,Canada
user_id_760,Canada
user_id_761,United States
user_id_762,Canada
user_id_763,United Kingdom
user_id_764,United States
user_id_765,Canada
user_id_766,United States
user_id_767,United Kingdom
user_id_768,Canada
user_id_769,United Kingdom
user_id_770,United States
user_id_771,United Kingdom
user_id_772,Canada
user_id_773,Canada
user_id_774,United States
user_id_775,United Kingdom
user_id_776,United States
user_id_777,Canada
user_id_778,United Kingdom
user_id_779,United Kingdom
user_id_780,Canada
user_id_781,Canada
user_id_782,United Kingdom
user_id_783,Canada
user_id_784,Canada
user_id_785,United Kingdom
user_id_786,United States
user_id_787,United States
user_id_788,Canada
user_id_789,Canada
user_id_790,Canada
user_id_791,Canada
user_id_792,United States
user_id_793,United Kingdom
user_id_794,Canada
user_id_795,Canada
user_id_796,Canada
user_id_797,United States
user_id_798,Canada
user_id_799,United States
user_id_800,Canada
user_id_801,Canada
user_id_802,United Kingdom
user_id_803,United Kingdom
user_id_804,United Kingdom
user_id_805,United States
user_id_806,United Kingdom
user_id_807,United States
user_id_808,United Kingdom
user_id_809,United States
user_id_810,United Kingdom
user_id_811,Canada
user_id_812,Canada
user_id_813,Canada
user_id_814,Canada
user_id_815,United States
user_id_816,United States
user_id_817,United Kingdom
user_id_818,United Kingdom
user_id_819,Canada
user_id_820,United Kingdom
user_id_821,United States
user_id_822,Canada
user_id_823,United States
user_id_824,United Kingdom
user_id_825,United Kingdom
user_id_826,United Kingdom
user_id_827,Canada
user_id_828,United States
user_id_829,United Kingdom
user_id_830,United Kingdom
user_id_831,United Kingdom
user_id_832,United Kingdom
user_id_833,Canada
user_id_834,United Kingdom
user_id_835,United Kingdom
user_id_836,United Kingdom
user_id_837,United States
user_id_838,Canada
user_id_839,Canada
user_id_840,Canada
user_id_841,United Kingdom
user_id_842,Canada
user_id_843,United States
user_id_844,United Kingdom
user_id_845,Canada
user_id_846,Canada
user_id_847,United States
user_id_848,United States
user_id_849,United States
user_id_850,United States
user_id_851,United States
user_id_852,United States
user_id_853,United Kingdom
user_id_854,Canada
user_id_855,Canada
user_id_856,United States
user_id_857,United States
user_id_858,United States
user_id_859,Canada
user_id_860,Canada
user_id_861,United Kingdom
user_id_862,United States
user_id_863,United Kingdom
user_id_864,Canada
user_id_865,Canada
user_id_866,Canada
user_id_867,United Kingdom
user_id_868,United Kingdom
user_id_869,United Kingdom
user_id_870,Canada
user_id_871,Canada
user_id_872,United States
user_id_873,Canada
user_id_874,United States
user_id_875,Canada
user_id_876,Canada
user_id_877,United Kingdom
user_id_878,Canada
user_id_879,United Kingdom
user_id_880,Canada
user_id_881,United Kingdom
user_id_882,Canada
user_id_883,Canada
user_id_884,United States
user_id_885,United Kingdom
user_id_886,Canada
user_id_887,United Kingdom
user_id_888,Canada
user_id_889,United Kingdom
user_id_890,United States
user_id_891,United Kingdom
user_id_892,Canada
user_id_893,Canada
user_id_894,United Kingdom
user_id_895,United States
user_id_896,Canada
user_id_897,United Kingdom
user_id_898,United Kingdom
user_id_899,Canada
user_id_900,United States
user_id_901,United Kingdom
user_id_902,United Kingdom
user_id_903,Canada
user_id_904,United Kingdom
user_id_905,United States
user_id_906,United States
user_id_907,United States
user_id_908,Canada
user_id_909,Canada
user_id_910,United States
user_id_911,United Kingdom
user_id_912,United Kingdom
user_id_913,United States
user_id_914,Canada
user_id_915,Canada
user_id_916,United States
user_id_917,United Kingdom
user_id_918,Canada
user_id_919,Canada
user_id_920,Canada
user_id_921,United Kingdom
user_id_922,United Kingdom
user_id_923,Canada
user_id_924,United States
user_id_925,United States
user_id_926,United Kingdom
user_id_927,Canada
user_id_928,United Kingdom
user_id_929,United Kingdom
user_id_930,Canada
user_id_931,United States
user_id_932,United States
user_id_933,Canada
user_id_934,Canada
user_id_935,Canada
user_id_936,Canada
user_id_937,Canada
user_id_938,United States
user_id_939,Canada
user_id_940,Canada
user_id_941,United States
user_id_942,United States
user_id_943,United States
user_id_944,United States
user_id_945,United States
user_id_946,United Kingdom
user_id_947,United States
user_id_948,Canada
user_id_949,Canada
user_id_950,United States
user_id_951,United States
user_id_952,United Kingdom
user_id_953,United States
user_id_954,Canada
user_id_955,United Kingdom
user_id_956,United States
user_id_957,Canada
user_id_958,United States
user_id_959,Canada
user_id_960,United Kingdom
user_id_961,United States
user_id_962,Canada
user_id_963,Canada
user_id_964,Canada
user_id_965,United Kingdom
user_id_966,United Kingdom
user_id_967,Canada
user_id_968,United States
user_id_969,United States
user_id_970,Canada
user_id_971,Canada
user_id_972,United States
user_id_973,United States
user_id_974,United Kingdom
user_id_975,Canada
user_id_976,United Kingdom
user_id_977,Canada
user_id_978,United States
user_id_979,Canada
user_id_980,United States
user_id_981,Canada
user_id_982,United States
user_id_983,United Kingdom
user_id_984,Canada
user_id_985,United States
user_id_986,United States
user_id_987,United States
user_id_988,Canada
user_id_989,United Kingdom
user_id_990,Canada
user_id_991,Canada
user_id_992,United Kingdom
user_id_993,Canada
user_id_994,United Kingdom
user_id_995,United Kingdom
user_id_996,Canada
user_id_997,United States
user_id_998,United Kingdom
user_id_999,United Kingdom
user_id_1000,Canada
